상품코드,상품번호,상품명
"P00000NB","339","[씨씨더블유]가마솥 불스지 300g"
"P00000NA","338","[씨씨더블유]고추장 오돌뼈 200g"
"P00000MZ","337","[씨씨더블유]국내산 소이동왕구이 1.25kg"
"P00000MY","336","[씨씨더블유]수제양념 순살구이 1kg"
"P00000MX","335","[씨씨더블유]솔잎 돼지왕구이 1+1"
"P00000MW","334","[씨씨더블유]양념 소대창 200g"
"P00000MV","333","[씨씨더블유]명품 양념LA꽃갈비 500g"
"P00000MU","332","[씨씨더블유]오돌뼈 소금구이 200g"
"P00000MT","331","[씨씨더블유]한돈 수제 양념갈비 1kg"
"P00000MS","330","[비에스]미국산 프라임 소갈비살 200g x 3팩 600g,  200g x 5팩 1kg"
"P00000MI","320","[인생]마른오징어 메메 오징어채 200g"
"P00000MH","319","[인생]국내가공 오징어실채 180g 1kg"
"P00000MG","318","[인생]참오징어구이채 150g 1kg"
"P00000MF","317","[인생]불갈비맛 오징어 150g 1kg"
"P00000ME","316","[인생]빠삭어포 50g"
"P00000MD","315","[인생]오징어 치즈육포 200g 1kg"
"P00000MC","314","[인생]가문어통족 꼬리 300g"
"P00000MB","313","[인생]콘치즈 오징어구이 120g 1kg"
"P00000MA","312","[인생]메가 MEGA 노가리 5미 450g"
"P00000LZ","311","[인생]명태 두절 손질노가리 300g 1kg"
"P00000LY","310","[인생]반건조 편노가리 소 300g 1kg"
"P00000LX","309","[인생]참명태 노가리(중,소) 300g 1kg"
"P00000LW","308","[인생]두절 노가리 소 200g 1kg"
"P00000LV","307","[인생]빠삭 꾼 먹태 40g 1개입"
"P00000LU","306","[인생]명태알포 200g 1kg"
"P00000LT","305","[인생]구운순살명태포 200g 1kg"
"P00000LS","304","[인생]구운양태채 200g 1kg"
"P00000LR","303","[인생]구운아귀스틱 100g 1kg"
"P00000LQ","302","[인생]쥐포구이채 200g 1kg"
"P00000LP","301","[인생]통구운아귀포 200g 1kg"
"P00000LO","300","[인생]아귀꼬리포 200g 1kg"
"P00000LN","299","[인생]아귀통포 200g 1kg"
"P00000LM","298","[인생]베트남 두툼 참쥐포 200g 1kg"
"P00000LL","297","[인생]구운동전쥐포 200g 1kg"
"P00000LK","296","[인생]구운쥐포3L 200g 1kg"
"P00000LJ","295","[인생]구운쥐포M 200g 1kg"
"P00000LI","294","[인생]원단쥐포 200g 1kg"
"P00000LH","293","[인생]참쥐포M 250g 1kg"
"P00000LG","292","[인생]땅콩버터 오징어입(이빨제거) 200g 1kg"
"P00000LF","291","[인생]오징어 귀채 120g 1kg"
"P00000LE","290","[인생]납작 짧다리 100g"
"P00000LD","289","[인생]구운 맥반석 오징어 150g 1kg"
"P00000LC","288","[인생]미니 맥반석 오징어 150g 1kg"
"P00000LB","287","[인생]건오징어 슬라이스 200g 1kg"
"P00000LA","286","[인생]말랑이장족 대 200g 1kg"
"P00000KZ","285","[인생]페스츄리버터오징어 150g 1kg"
"P00000KY","284","[씨씨더블유]한돈 간장갈비찜 700g"
"P00000KX","283","[씨씨더블유]한돈 고추장주물럭 200g"
"P00000KW","282","[씨씨더블유]알곤이찜 800g"
"P00000KV","281","[씨씨더블유]매콤 직화무뼈닭발 250g"
"P00000KU","280","[씨씨더블유]삼점 암꽃게장 7미 2kg"
"P00000KT","279","[씨씨더블유]갓 담은 실비김치 3kg"
"P00000KS","278","[씨씨더블유]프리미엄 왕 찹쌀떡 20개"
"P00000KR","277","[씨씨더블유]꾸븐 돼지막창 300g"
"P00000KQ","276","[씨씨더블유]고집 불막창 300g"
"P00000KP","275","[씨씨더블유]쫄쫄이 오징어 300g"
"P00000KO","274","[씨씨더블유]겨울동치미 3kg 5kg"
"P00000KN","273","[씨씨더블유]못난이 백명란 400g"
"P00000KM","272","[씨씨더블유]산더미 얼큰 순대국밥 150g"
"P00000KL","271","[씨씨더블유]순살 간장새우장 400g+400g"
"P00000KK","270","[씨씨더블유]산더미 순대국밥 150g"
"P00000KJ","269","[씨씨더블유]프리미엄 콩 쑥개떡 20개"
"P00000KI","268","[씨씨더블유]한우 순살 갈비탕 800g"
"P00000KH","267","[씨씨더블유]힘찬 장어탕 500g"
"P00000KG","266","[씨씨더블유]여수돌산 갓물김치 3kg"
"P00000KF","265","[씨씨더블유]무뼈 순살 족발 300g"
"P00000KE","264","[씨씨더블유]이태원 햄폭탄 부대찌개"
"P00000KD","263","[씨씨더블유]강화 사자발 약쑥 인절미 12개입"
"P00000KC","262","[씨씨더블유]옛날 쑥개떡 12개입"
"P00000KB","261","[씨씨더블유]매콤양념 목살구이 200g"
"P00000JZ","259","[씨씨더블유]전통 인절미 50개입"
"P00000JY","258","[씨씨더블유]평양 비빔냉면 5인분"
"P00000JX","257","[씨씨더블유]몸보신 남원추어탕 500g"
"P00000JW","256","[씨씨더블유]함흥물냉면 5인분 2.7kg"
"P00000JT","253","[인생]페스츄리오징어150g 1kg"
"P00000JS","252","[인생]땅콩버터오징어 다리250g 1kg"
"P00000JR","251","[인생]땅콩버터오징어 몸통250g 1kg"
"P00000JQ","250","[인생]조미오징어입200g"
"P00000JP","249","[인생]오다리백족 국내가공	200g 1kg"
"P00000JO","248","[인생]가문어통족200g 1kg"
"P00000JN","247","[인생]맥반석 땅콩오징어200g 1kg"
"P00000JM","246","[인생]치킨스킨가라아게1kg"
"P00000JL","245","[인생]테바나카1kg"
"P00000JK","244","[인생]옛날치킨700g"
"P00000JJ","243","[인생]옛날통닭600g"
"P00000JI","242","[인생]핫치킨 퀘사디아380g"
"P00000JH","241","[인생]사각피자 고르곤졸라240g"
"P00000JG","240","[인생]사각피자 페퍼로니255g"
"P00000JF","239","[인생]화덕피자 고르곤졸라290g"
"P00000JE","238","[인생]화덕피자 페퍼로니380g"
"P00000JD","237","[인생]씬피자 치즈280g"
"P00000JC","236","[인생]해물토마토스튜645g"
"P00000JB","235","[인생]바지락술찜550g"
"P00000JA","234","[인생]부대찌개643g"
"P00000IZ","233","[인생]마라탕727g"
"P00000IY","232","[인생]나가사키짬뽕탕410g"
"P00000IX","231","[인생]알탕600g"
"P00000IW","230","[인생]김치찌개700g"
"P00000IV","229","[인생]얼큰짬뽕탕500g"
"P00000IU","228","[인생]조개탕650g"
"P00000IT","227","[인생]큐브불족발300g"
"P00000IS","226","[인생]매콤불닭400g"
"P00000IR","225","[인생]모듬튀김270g"
"P00000IQ","224","[인생]모듬감자튀김500g"
"P00000IP","223","[인생]킹 군만두1.4kg"
"P00000IO","222","[인생]쫄비빔만두460g"
"P00000IN","221","[인생]치즈돈까스230g*10ea"
"P00000IM","220","[인생]등심왕돈까스250g*10ea"
"P00000IL","219","[인생]빨간어묵꼬치360g"
"P00000IK","218","[인생]꼬치어묵320g"
"P00000IJ","217","[인생]꽈배기어묵꼬치500g"
"P00000II","216","[인생]모듬꼬치어묵230g"
"P00000IH","215","[인생]포차어묵우동373g"
"P00000IG","214","[인생]가마보꼬 어묵탕350g"
"P00000IF","213","[인생]김치어묵우동448g"
"P00000IE","212","[인생] 오뎅탕 매운맛 300g"
"P00000ID","211","[인생]오뎅탕 순한맛 300g"
"P00000IC","210","[인생]쫄볶이600g"
"P00000IB","209","[인생]점보떡볶이1490g"
"P00000IA","208","[인생]통가래떡볶이550g"
"P00000HZ","207","[태공식품]바다싱싱꽃맛살[냉장]300g"
"P00000HY","206","[태공식품]랍스터왕로스트[냉장]100g"
"P00000HX","205","[태공식품]랍스터왕오리지널[냉장]100g"
"P00000HW","204","[태공식품]크랩바오징어[냉장]80g"
"P00000HV","203","[태공식품]크랩바매콤[냉장]80g"
"P00000HU","202","[태공식품]꽃맛살(사우전아일랜드)[냉장]120g"
"P00000HT","201","[태공식품]꽃맛살(어니언크림)[냉장]120g"
"P00000HS","200","[태공식품]꽃맛살(레몬아이올리)[냉장]120g"
"P00000HR","199","[태공식품]고추어묵바800g"
"P00000HQ","198","[태공식품]해물어묵바800g"
"P00000HP","197","[태공식품]야채어묵바800g"
"P00000HO","196","[태공식품]크랩바오징어500g"
"P00000HN","195","[태공식품]크랩바매콤500g"
"P00000HM","194","[태공식품]게맛살스틱튀김1kg"
"P00000HL","193","[태공식품]꽃맛살튀김1kg"
"P00000HK","192","[태공식품]딜립스336g"
"P00000HJ","191","[태공식품]토핑맛살[냉장]20kg(2kg*10pk)"
"P00000HI","190","[태공식품]토핑맛살[냉동]2kg"
"P00000HH","189","[태공식품]슬라이스맛살1kg"
"P00000HG","188","[태공식품]요리애맛살후레쉬1kg"
"P00000HF","187","[태공식품]크랩요리애맛살1kg"
"P00000HE","186","[태공식품]꽃송이맛살[냉동]12kg(2kg*6pk)"
"P00000HD","185","[태공식품]꽃송이맛살[냉장]12kg(2kg*6pk)"
"P00000HC","184","[태공식품]게맛살채(분리)[냉동]1kg"
"P00000HB","183","[태공식품]게맛살채(스틱)[냉동]1kg"
"P00000HA","182","[태공식품]바다싱싱꽃맛살[냉동]1kg"
"P00000GZ","181","[인생]매콤돼지곱창볶음280g"
"P00000GY","180","[인생]직화 매콤닭갈비350g"
"P00000GX","179","[인생]통마늘 닭근위 양념볶음250g"
"P00000GW","178","[인생]국물닭발800g"
"P00000GV","177","[인생]닭볶음탕1kg"
"P00000GU","176","[인생]숯불양념막창구이200g"
"P00000GT","175","[인생]씬피자 고르곤졸라300g"
"P00000GS","174","[인생]씬피자 불고기380g"
"P00000GR","173","[인생] 씬피자 페퍼로니300g"
"P00000GQ","172","[인생]감바스336g"
"P00000GP","171","[인생]무뼈닭발250g"
"P00000GO","170","[인생]국물떡볶이 순한맛 430g"
"P00000GN","169","[인생]국물떡볶이 매운맛 430g"
"P00000GM","168","만원요리 최씨남매 최저가 도전! 가성비 끝판왕 보러가기"
"P00000GL","167","[모비딕]냉동한우한돈 함박스테이크125g*8개"
"P00000GK","166","[모비딕] 데리야끼숯불닭꼬치80G*20개"
"P00000GJ","165","[모비딕]냉동훈제오리 슬라이스800g"
"P00000GD","159","[반찬단지]총각김치 (국내산) 10KG"
"P00000GE","160","[반찬단지]맛김치(중국산) 10KG"
"P00000GF","161","[반찬단지]슬라이스김치(중국산) 10KG"
"P00000GG","162","[반찬단지]포기김치(중국산) 10KG"
"P00000GH","163","[반찬단지]대파김치(중국산) 10KG"
"P00000GI","164","[반찬단지]쪽파김치(중국산) 10KG"
"P00000FW","152","[반찬단지]갓김치(국내산) 10KG"
"P00000FX","153","[반찬단지]대파김치 (국내산) 10KG"
"P00000FY","154","[반찬단지]백김치 (국내산) 10KG"
"P00000FZ","155","[반찬단지]포기김치 (국내산) 10KG"
"P00000GA","156","[반찬단지]동치미 (국내산) 10KG"
"P00000GB","157","[반찬단지]미니깍두기 (국내산) 10KG"
"P00000GC","158","[반찬단지]열무김치 (국내산) 10KG(주문후 5일이내 배송)"
"P00000FV","151","[최씨남매제조]토마토 만능소스350g*3 배송비포함! 순차적 발송!"
"P00000FU","150","[모비딕]냉동훈제오리완포(뼈없는 통오리)800g"
"P00000FT","149","[모비딕]냉동빅레드폭립1kg"
"P00000FS","148","[단지식품유통]쭈꾸미300g*5개 최저가 보장!"
"P00000FR","147","[피자코리아] 무료배송 포카치아 피자 4종  비프불고기 애플고르곤졸라 콰트로치즈 김치불고기 20개 구성 세트 [ 총 1,450g ]"
"P00000FQ","146","[BS]연평도 간장게장2.5kg"
"P00000FP","145","[취영루]수라간맛있는물만두2800g*2ea"
"P00000FO","144","[최씨남매]돼지김치찜 650g*3ea"
"P00000FN","143","[최씨남매]돼지김치찜 650g"
"P00000FB","131","[취영루] 교자만두 360g *3입"
"P00000FC","132","[취영루] 고기왕만두 420g"
"P00000FD","133","[취영루] 김치왕만두 490g"
"P00000FE","134","[취영루]중화군만두 1.4kg *3입"
"P00000FF","135","[취영루] 수라간맛있는물만두2800g"
"P00000FG","136","[취영루]튀겨만두 1300g *3입"
"P00000FH","137","[취영루] 대용량 바삭함 끝판왕 – 튀김만두 업소용 6입"
"P00000FI","138","[취영루] 김치&고기 듀오 – 왕만두 2종 세트"
"P00000FJ","139","[취영루] 물반 고기반 황금비율 – 홈콤보 세트"
"P00000FK","140","[취영루] 5.6kg 육즙창고 – 물만두 업소용 2입"
"P00000FL","141","[취영루] 중국식 만두 끝판왕 – 중화군만두 업소용 6입"
"P00000DO","92","[최씨남매]한우국밥 600g"
"P00000DP","93","[최씨남매]한우떡갈비 400g"
"P00000DQ","94","[최씨남매]고추장 돼지 삼겹살 250g*3개 750g"
"P00000CZ","77","[최씨남매]뼈없는 소갈비탕 400g x 4팩 1.6kg"
"P00000CY","76","[반찬단지]간장깻잎 1kg"
"P00000CX","75","[반찬단지]인기 식당용 반찬 세트[무말랭이4kg+간장깻잎4kg]"
"P00000CV","73","[반찬단지]입맛 돋우는 젓갈 3종 세트[낙지젓pe200+오징어젓pe200+씨앗젓갈200g]"
"P00000CU","72","[반찬단지]혼밥러 한끼 꾸러미 4종 세트[진미채무침80+낙지젓120+무말랭이120+오징어젓120]"
"P00000CT","71","[반찬단지]혼밥러 한끼 꾸러미 4종 세트[진미채무침80+낙지젓120+무말랭이120+오징어젓120]"
"P00000CR","69","[반찬단지]건강반찬 꾸러미 (한달든든)1 4종세트[마늘쫑1kg+콩조림1kg+연근조림1kg+실속메추리알장조림1kg]"
"P00000CN","65","[취영루]물만두 350g*3 기획"
"P00000CK","62","[취영루]물만두 350g *3입"
"P00000CG","58","[반찬단지]비벼먹는 씨앗젓갈 200g"
"P00000CF","57","[반찬단지]갈치속젓 500g"
"P00000CB","53","[반찬단지]무말랭이무침 1kg"
"P00000CA","52","[반찬단지]깻잎무침 1kg"
"P00000BZ","51","[반찬단지]고추무침 1kg"
"P00000BY","50","[반찬단지]궁채절임 1kg"
"P00000BX","49","[반찬단지]간장깻잎 4kg"
"P00000BW","48","[반찬단지]무말랭이무침 4kg"
"P00000BV","47","[반찬단지]간장고추 4kg"
"P00000BU","46","[반찬단지]실속메추리알장조림 1kg"
"P00000BT","45","[반찬단지]연근조림 1kg"
"P00000BS","44","[반찬단지]콩조림 1kg"
"P00000BR","43","[반찬단지]마늘쫑무침 1kg"
"P00000BQ","42","[반찬단지]김밥우엉5MM 1kg"
"P00000BP","41","[반찬단지]산고추 500g"
"P00000BO","40","[반찬단지]초생강적색 1.3KG"
"P00000BN","39","[반찬단지]락교 1kg"
"P00000BM","38","[반찬단지]짜먹는 명란마요 200g"
"P00000BL","37","[반찬단지]간장알마늘 120g"
"P00000BK","36","[반찬단지]명이나물 120g"
"P00000BJ","35","[반찬단지]오징어젓 120g"
"P00000BI","34","[반찬단지]연근조림 120g"
"P00000BH","33","[반찬단지]무말랭이무침 120g"
"P00000BG","32","[반찬단지]낙지젓 120g"
"P00000BF","31","[반찬단지]깻잎무침 120g"
"P00000BE","30","[반찬단지]낙지젓 200gPE"
"P00000BD","29","[반찬단지]진미채무침 80g"
"P00000BC","28","[반찬단지]멸치견과류조림(NB)80g"
"P00000BB","27","[반찬단지]모듬콩조림 120g"
